Unnamed: 0,ID,Stock,Date,User_Name,User_ID,User_Followers,User_Verified,User_Lists,Likes,Retweets,Replies,URL,Text
0,1212523706074816512,TSLA,2020-01-01 23:59:13+00:00,Vincent Yu,1689516060,146990,0,813,148,15,1,https://twitter.com/vincent13031925/status/1212523706074816512,"Tesla Dominated Dutch EV Market With Close To 30,000 Model 3 Registered in 2019 Tesla Model 3 Netherlands"
1,1212513037233483776,TSLA,2020-01-01 23:16:50+00:00,Vincent Yu,1689516060,146990,0,813,171,16,8,https://twitter.com/vincent13031925/status/1212513037233483776,"Short sellers of aka TSLAQ were down $ 7.6 billion in market to market losses from June 3 to mid December 2019 , per S3"
2,1212497493038116864,TSLA,2020-01-01 22:15:04+00:00,Tesla New York,1374059611,9689,0,226,417,77,6,https://twitter.com/TeslaNY/status/1212497493038116864,"Doug DeMuro awards Tesla Model 3 Performance car of the year 2019 It s gotten to the point where you almost can t afford not to get a Model 3 Perf bc it offers so much for the money , it d be difficult to justify buying any other vehicle"
3,1212467746736181248,TSLA,2020-01-01 20:16:52+00:00,Vincent Yu,1689516060,146990,0,813,402,43,15,https://twitter.com/vincent13031925/status/1212467746736181248,"From KPI data indicated Tesla China sold about 50,000 vehicles in 2019 , also from the people who familiar with the matter said that China is targeting to increase 500 in 2020 , reaching 250,000 vehicles My estimate of 150K or equal to 300 grow is being very conservative"
4,1212461753818210304,TSLA,2020-01-01 19:53:03+00:00,Vincent Yu,1689516060,146990,0,813,243,35,13,https://twitter.com/vincent13031925/status/1212461753818210304,Tesla prepares to open R D office in Israel by via com Tesla Israel
5,1212876204899848193,TSLA,2020-01-02 23:19:56+00:00,Hex Mage CLB of CCIP,1048358290130751488,13631,0,129,68,10,2,https://twitter.com/ChainlinkBull/status/1212876204899848193,2020 is already a memetic year is over $ 420 currently trading at $ 430 crushing estimates and cruising through $ 300 Largest retail plays in the market just killing it Crypto making yearly lows and in deep re accumulation The stage is set for
6,1212871609838718977,TSLA,2020-01-02 23:01:40+00:00,Yaman Tasdivar,732548050728701953,12301,0,256,701,69,118,https://twitter.com/ValueAnalyst1/status/1212871609838718977,I ll eat my shoe if the market capitalization of is less than that of in 2025
7,1212845913091252237,TSLA,2020-01-02 21:19:33+00:00,Nikola‚Äôs Stache,529753995,2303,0,57,63,18,7,https://twitter.com/BSA19741/status/1212845913091252237,"In March 2019 Musk declared that it would be the year of the solar roof In May , he said 1,000 per week would be built in December 2019 Fewer than 100 exist ... anywhere Fewer than 10 V3 s have been installed"
8,1212832821712228352,TSLA,2020-01-02 20:27:32+00:00,üöÄ üêâ Steve Hamel üêâüöÄ,999632398525530114,7799,0,75,205,29,26,https://twitter.com/SteveHamel16/status/1212832821712228352,Mark Spiegel Covers Half of Tesla Short Position After Unexpected Devastating Losses via
9,1212824792585269248,TSLA,2020-01-02 19:55:38+00:00,Ross Gerber,349249475,190819,1,2186,183,20,15,https://twitter.com/GerberKawasaki/status/1212824792585269248,Huge first day of the year Tesla up over $ 11 Apple $ 5 and Disney now up over $ 3 on the possibility they have 25 mil DisneyPlus subs Huge day so far
10,1213218218749284352,TSLA,2020-01-03 21:58:58+00:00,Ross Gerber,349249475,190819,1,2186,730,76,22,https://twitter.com/GerberKawasaki/status/1213218218749284352,Tesla short sellers have lost $ 900 mil in the first 2 trading days of the year According to S3 Long share owners have made billions for the long term
11,1213217587766579201,TSLA,2020-01-03 21:56:28+00:00,Vincent Yu,1689516060,146990,0,813,153,21,1,https://twitter.com/vincent13031925/status/1213217587766579201,Bargersville Police Chief Todd Bertram is very pleased with the use of the Tesla Model 3 Tesla Model 3
12,1213192002243878913,TSLA,2020-01-03 20:14:48+00:00,Rob Maurer,898021206967951360,134887,0,883,361,66,30,https://twitter.com/TeslaPodcast/status/1213192002243878913,"Tesla delivered 112,000 cars in Q4 , and 367,500 on the year 112,000 is more than delivered all of 2017 5 year CAGR 63 4 year CAGR 64 3 year CAGR 69 2 year CAGR 89 Accelerating growth Full report recap here"
13,1213191314734403584,TSLA,2020-01-03 20:12:04+00:00,Ross Gerber,349249475,190819,1,2186,542,65,27,https://twitter.com/GerberKawasaki/status/1213191314734403584,My very very smart friend Gene Munster at saying Tesla $ 900 That s much higher than even my current thought process This is getting good tesla
14,1213189345341067264,TSLA,2020-01-03 20:04:14+00:00,Tesla New York,1374059611,9689,0,226,51,20,4,https://twitter.com/TeslaNY/status/1213189345341067264,"Gene Munster Something that s having as profound of an impact as electrification autonomy which Tesla s doing should be at a base case at a $ 150B company , so putting that together I think you can build a case for a $ 900 stock here Tesla EV"
15,1213594314535833601,TSLA,2020-01-04 22:53:26+00:00,Yaman Tasdivar,732548050728701953,12301,0,256,220,23,19,https://twitter.com/ValueAnalyst1/status/1213594314535833601,Those who understand finance but do not appreciate Tesla s tech end up shorting at Those who appreciate the tech but do not understand finance may end up selling too soon and may even venture into shorting Those who understand both NotSellingAShareBefore 5000
16,1213578922698461190,TSLA,2020-01-04 21:52:17+00:00,Tesla New York,1374059611,9689,0,226,2928,467,39,https://twitter.com/TeslaNY/status/1213578922698461190,"Tesla Model 3 police car is so effective , people getting pulled over love it Tesla EV PD Bargersville Police Chief"
17,1213574878491631616,TSLA,2020-01-04 21:36:12+00:00,Ross Gerber,349249475,190819,1,2186,279,38,30,https://twitter.com/GerberKawasaki/status/1213574878491631616,Tesla fans You ve got to check out this show on Tesla from 9 months ago It s a classic Tesla Stock Bull Case vs Bear Case Full Documentary via
18,1213571569131364354,TSLA,2020-01-04 21:23:03+00:00,Yaman Tasdivar,732548050728701953,12301,0,256,212,22,46,https://twitter.com/ValueAnalyst1/status/1213571569131364354,Mark my words Tesla will deliver 2M vehicles in 2021 NotSellingAShareBefore 5000
19,1213553722732748800,TSLA,2020-01-04 20:12:08+00:00,Yaman Tasdivar,732548050728701953,12301,0,256,97,14,7,https://twitter.com/ValueAnalyst1/status/1213553722732748800,Tesla has only 11 days of inventory This is 6x lower than industry average NotSellingAShareBefore 5000
20,1213971159370358787,TSLA,2020-01-05 23:50:53+00:00,üîã AEONde,96764236,359,0,5,84,25,4,https://twitter.com/AEONde/status/1213971159370358787,Plan for GF4 Berlin Brandenburg near Gr nheide according to Sound Emission Prognosis 24 7 production 3 shifts of 2828 personnel 326 material trucks 4 full trains a day 137 outgoing car transporters 2 full trains a day
21,1213969951201071105,TSLA,2020-01-05 23:46:05+00:00,MOŒû,2245154756,1864,0,32,1996,665,87,https://twitter.com/moesalih_/status/1213969951201071105,Tesla analyst discusses Tesla competitors
22,1213960183275065344,TSLA,2020-01-05 23:07:16+00:00,Vincent Yu,1689516060,146990,0,813,177,25,5,https://twitter.com/vincent13031925/status/1213960183275065344,China Made Tesla Model 3 Demand Spikes After The Recent Price Adjustment Tesla China MIC Model 3
23,1213923811189383168,TSLA,2020-01-05 20:42:44+00:00,Ross Gerber,349249475,190819,1,2186,484,28,22,https://twitter.com/GerberKawasaki/status/1213923811189383168,I m ready for my roadster Can t wait ... tesla capitalgains
24,1213918967145865217,TSLA,2020-01-05 20:23:29+00:00,James Stephenson,367237480,50188,0,476,322,64,36,https://twitter.com/ICannot_Enough/status/1213918967145865217,"I have updated my long term forecast with Q4 actual deliveries my estimate was close , so the numbers didn t change much GAAP profit expectations Q4 19 $ 0.2 B Q1 20 $ 0.0 B Full year 20 $ 2 3B Full year 21 $ 10 20B"
25,1214327887077228545,TSLA,2020-01-06 23:28:24+00:00,Montana Skeptic,1203353022698590209,15425,0,245,110,20,7,https://twitter.com/montana_skeptic/status/1214327887077228545,"If batteries really have a cost advantage , why is Tesla charging $ 180 kWh to replace them Btw , welcome to the reality of what happens to your Supercharging battery after 5 years But never mind that , let s criticize Porsche Audi for more conservative battery management"
26,1214322449883582471,TSLA,2020-01-06 23:06:47+00:00,HyperChange,830122005030694920,38027,0,442,355,36,16,https://twitter.com/HyperChangeTV/status/1214322449883582471,s record Q4 deliveries imply another quarter of GAAP profitability positive cashflow
27,1214314128506064896,TSLA,2020-01-06 22:33:43+00:00,Yaman Tasdivar,732548050728701953,12301,0,256,129,16,8,https://twitter.com/ValueAnalyst1/status/1214314128506064896,"is , by far , the most undervalued company I ve ever seen NotSellingAShareBefore 5000"
28,1214303524512645120,TSLA,2020-01-06 21:51:35+00:00,fly4dat,1049788797506990090,5166,0,121,240,34,34,https://twitter.com/fly4dat/status/1214303524512645120,"spent $ 4.6 B on developing a robotaxi network in Q1 Q3 spent $ 1.4 B on the same Plus developing cars , trucks , semis , batteries , energy storage devices , PV panels , solar shingles , manufacturing robots and liquors combined"
29,1214291998586200064,TSLA,2020-01-06 21:05:47+00:00,Vincent Yu,1689516060,146990,0,813,964,79,24,https://twitter.com/vincent13031925/status/1214291998586200064,"First time in the history , is closed above $ 450 at $ 451.50 Congratulation to all Tesla"
30,1214690319914000384,TSLA,2020-01-07 23:28:34+00:00,Vincent Yu,1689516060,146990,0,813,659,64,14,https://twitter.com/vincent13031925/status/1214690319914000384,"Li Qiang , secretary of the Shanghai Municipal Party Committee , met with and had a factory tour in Tesla Shanghai Gigafactory 3 Tesla China GF3"
31,1214672169856372736,TSLA,2020-01-07 22:16:27+00:00,CNBC's Fast Money,16732770,426538,1,5420,156,38,16,https://twitter.com/CNBCFastMoney/status/1214672169856372736,"Tesla hit a new all time high today has been doing some digging on Tesla s convertible debt , she breaks down what it could signal for the stock"
32,1214667604192710656,TSLA,2020-01-07 21:58:18+00:00,Zebra,223187522,1774,0,34,155,18,9,https://twitter.com/mingcalls/status/1214667604192710656,ceo dancing going viral That s equal to how much $ $ $ in ad dollars
33,1214666914452197378,TSLA,2020-01-07 21:55:34+00:00,NetflixAndLamp,966734358651592704,2440,0,52,146,19,11,https://twitter.com/NetflixAndLamp/status/1214666914452197378,trading playbook Revenue decline stock up $ 20 Expiring tax credit stock up $ 20 Fake product intro stock up $ 20 Autopilot malfunction stock up $ 20 Battery fire stock up $ 20 Accounting fraud stock up $ 20 Elon dancing stock up $ 20 WWIII stock up $ 20
34,1214657672626098176,TSLA,2020-01-07 21:18:51+00:00,Ross Gerber,349249475,190819,1,2186,1186,187,32,https://twitter.com/GerberKawasaki/status/1214657672626098176,Tesla is now the most valuable car company in American history The extended rally by Tesla has its value topping the $ 80.81 B cap of Ford in 1999 and easily outdistancing the record cap for pre bankruptcy General Motors GM or post bankruptcy GM Congrats
35,1215058206025601024,TSLA,2020-01-08 23:50:25+00:00,Ross Gerber,349249475,190819,1,2186,295,18,27,https://twitter.com/GerberKawasaki/status/1215058206025601024,"Grimes is pregnant , you can t tell ... Hence the Elon happy dance Mars baby coming He shall be named , Kylo Ren tesla"
36,1215057468792786944,TSLA,2020-01-08 23:47:29+00:00,‚òÄÔ∏èAlex Sunderland‚òÄÔ∏è,790440452310704128,19786,0,278,49,23,4,https://twitter.com/SUNNYLAND24/status/1215057468792786944,Working on some more research to prove Validity here .. Digging more into Management and I continue to be impressed Our CEO of 23 Years Experience Strategist Innovater Angel Investor of 15 Companies including Pre Seed and
37,1215017512045367300,TSLA,2020-01-08 21:08:43+00:00,üê∂Earl of FrunkPuppy üê∂,998140573008695296,50699,0,314,264,25,2,https://twitter.com/28delayslater/status/1215017512045367300,coming into 2020
38,1215014757046136834,TSLA,2020-01-08 20:57:46+00:00,Sam E. Antar,17893558,13382,1,345,93,20,5,https://twitter.com/SamAntar/status/1215014757046136834,"I don t understand the big fuss Tesla s financial statements are audited just like Crazy Eddie , Enron , and WorldCom"
39,1215012444080349187,TSLA,2020-01-08 20:48:35+00:00,James Stephenson,367237480,50188,0,476,303,34,15,https://twitter.com/ICannot_Enough/status/1215012444080349187,Congratulations to for breaking the Guinness world record for longest sustained dead cat bounce
40,1215405347122417664,TSLA,2020-01-09 22:49:50+00:00,Sam E. Antar,17893558,13382,1,345,80,12,7,https://twitter.com/SamAntar/status/1215405347122417664,I actually like Elon Musk He s excellent source material when I teach about how fraud is done and how easy it is to accomplish nowadays
41,1215397649878220800,TSLA,2020-01-09 22:19:15+00:00,TC,962805945020702722,47170,0,739,172,12,19,https://twitter.com/TESLAcharts/status/1215397649878220800,"Dear bulls Keep it up You won t shut us up We have two fundamental truths on our side Elon is a con , and you re either too dumb to see it or too corrupt to care Enjoy the stock price , it won t be here for long"
42,1215397131374063617,TSLA,2020-01-09 22:17:11+00:00,Vincent Yu,1689516060,146990,0,813,376,67,11,https://twitter.com/vincent13031925/status/1215397131374063617,Bob Lutz thinks Tesla CEO deserves every penny of his performance bonus He also said That $ 100B market cap could well be attained Tesla
43,1215390813917548545,TSLA,2020-01-09 21:52:05+00:00,Vincent Yu,1689516060,146990,0,813,153,21,9,https://twitter.com/vincent13031925/status/1215390813917548545,SpaceX s first crewed mission could feature NASA Astronauts arriving in a Tesla Tesla SpaceX
44,1215356220774764546,TSLA,2020-01-09 19:34:37+00:00,Rob Maurer,898021206967951360,134887,0,883,259,39,17,https://twitter.com/TeslaPodcast/status/1215356220774764546,"It s been a crazy few months for , doubling in 90 days and 175 in seven months Here are the ten reasons I see behind this rise , and a couple more factors that I DON T think are driving the stock Let me know your thoughts Tesla"
45,1215780535227711488,TSLA,2020-01-10 23:40:42+00:00,PlainSite,398437761,16479,0,256,226,52,33,https://twitter.com/PlainSite/status/1215780535227711488,"Have a great weekend ,"
46,1215780292872376320,TSLA,2020-01-10 23:39:44+00:00,Ross Gerber,349249475,190819,1,2186,188,20,11,https://twitter.com/GerberKawasaki/status/1215780292872376320,Cybertruck envy tesla
47,1215749862098198529,TSLA,2020-01-10 21:38:49+00:00,Rob Maurer,898021206967951360,134887,0,883,198,27,13,https://twitter.com/TeslaPodcast/status/1215749862098198529,short interest for 12 31 19 published Short interest declined by 1.2 M shares 5 from 12 13 to 12 31 stock price rose from $ 358.39 to $ 418.33 17 Next update 01 27 20 for 01 15 20 date 12 31 26.3 M 12 13 27.5 M 11 29 28.7 M 11 15 30.6 M 10 31 31.8 M 10 15 37.2 M
48,1215744208683913216,TSLA,2020-01-10 21:16:21+00:00,Montana Skeptic,1203353022698590209,15425,0,245,100,13,19,https://twitter.com/montana_skeptic/status/1215744208683913216,"Thanks , , for compiling the data on s solar roof tiles Now much larger , available only in black , costing an immense amount to install , suitable only for simple roof planes , looking remarkably ugly"
49,1215733419197583366,TSLA,2020-01-10 20:33:29+00:00,Reflex Research,1012654111584587776,6755,0,143,103,16,9,https://twitter.com/ReflexResearch/status/1215733419197583366,"Q419 Earnings Estimates 1 Revenue $ 7,325 m $ 1,022 m QoQ , $ 100m YoY"
50,1216121889728487425,TSLA,2020-01-11 22:17:07+00:00,üöÄ üêâ Steve Hamel üêâüöÄ,999632398525530114,7799,0,75,88,19,1,https://twitter.com/SteveHamel16/status/1216121889728487425,That is hilarious
51,1216120736881893376,TSLA,2020-01-11 22:12:32+00:00,Vincent Yu,1689516060,146990,0,813,212,38,3,https://twitter.com/vincent13031925/status/1216120736881893376,Tesla Started Recruit Talents for Germany Gigafactory 4 Tesla Germany GF4
52,1216112766232207360,TSLA,2020-01-11 21:40:52+00:00,JC Oviedo,1142453041364385794,6756,0,145,37,15,2,https://twitter.com/JCOviedo6/status/1216112766232207360,"NHTSA has investigated 23 crashes in which some sort of advanced driver assistance feature is thought to have been a factor , meaning that Tesla s Autopilot system represents an outsize portion of the agency s total special crash investigations"
53,1216106910753218567,TSLA,2020-01-11 21:17:36+00:00,Eva CyberFox ü¶äüöΩ,959471389282578432,28451,0,173,76,16,5,https://twitter.com/EvaFoxU/status/1216106910753218567,Tesla is looking for employees for a German factory Tesla GF4 Gigafactory 4
54,1216101451237412866,TSLA,2020-01-11 20:55:54+00:00,Yaman Tasdivar,732548050728701953,12301,0,256,191,25,105,https://twitter.com/ValueAnalyst1/status/1216101451237412866,"investor base should be more informed than that of any other company by at least an order of magnitude Please reply to this tweet with a link to the article , podcast , or video that added most to your knowledge of and or the world s transition to sustainable energy"
55,1216499344490188800,TSLA,2020-01-12 23:16:59+00:00,Vincent Yu,1689516060,146990,0,813,78,18,2,https://twitter.com/vincent13031925/status/1216499344490188800,Hack Tesla Model 3 and get a prize Tesla challenges you Tesla
56,1216427662568316929,TSLA,2020-01-12 18:32:09+00:00,James Stephenson,367237480,50188,0,476,301,68,19,https://twitter.com/ICannot_Enough/status/1216427662568316929,Click link for animated chart showing U . S sales of the Model 3 vs its nearest in class competitors since 2018 I used 12 trailing month totals to smooth out seasonality
57,1216420365062115329,TSLA,2020-01-12 18:03:09+00:00,Dr Able Lawrenceü¶âMD DM,19286530,5226,0,80,82,21,13,https://twitter.com/abledoc/status/1216420365062115329,Tesla Model 3 bucks the US Premium Sedan Market Trend with rising annual sales even as competitors lose marketshare Data source Enough TeslaCharts
58,1216402212882022400,TSLA,2020-01-12 16:51:01+00:00,Vincent Yu,1689516060,146990,0,813,228,39,5,https://twitter.com/vincent13031925/status/1216402212882022400,EV rental company UFODrive use Tesla cars to provide quality services Tesla
59,1216367367334187009,TSLA,2020-01-12 14:32:34+00:00,Jay in Shanghai üá®üá≥,1082181922606858241,12447,0,151,154,38,6,https://twitter.com/JayinShanghai/status/1216367367334187009,After Price Drop this is what store across China looks like every weekend Remember to use my referral code if you are looking to buy in China Tesla TeslaChina MIC ChinaMade Model 3
60,1216871553603780608,TSLA,2020-01-13 23:56:01+00:00,Traderstewie,52166809,340768,0,8007,453,69,23,https://twitter.com/traderstewie/status/1216871553603780608,Algos LOVE Round Numbers Look at what has done since breaking thru $ 300 recently Look at what has done since breaking thru $ 500 Look at what has done since breaking thru $ 100 Made a detailed blog post on this topic
61,1216859892088098816,TSLA,2020-01-13 23:09:41+00:00,Ross Gerber,349249475,190819,1,2186,111,11,23,https://twitter.com/GerberKawasaki/status/1216859892088098816,"What Im doing is getting to a position Im ok with so when it does go down again , which it will how much or long who knows but it will at some point You re in a position to hold and even add more on the dips But going all in at $ 525 is kind of stupid"
62,1216859463434432513,TSLA,2020-01-13 23:07:58+00:00,Ross Gerber,349249475,190819,1,2186,355,21,91,https://twitter.com/GerberKawasaki/status/1216859463434432513,"You must understand when you are lucky , like we are now with tesla Dont be greedy , pigs get slaughtered Imagine how you ll feel if it drops back to $ 420 .. LOL that was 13 days ago Be smart kids , please"
63,1216859090753748992,TSLA,2020-01-13 23:06:30+00:00,Ross Gerber,349249475,190819,1,2186,806,56,103,https://twitter.com/GerberKawasaki/status/1216859090753748992,So I have this trading philosophy If I buy a stock like tesla at $ 250 lets say Now its over $ 500 in 6 months I can sell enough to take out my original investment and then hold the rest forever Then you can never really lose I do this in vegas too When I get lucky
64,1216851636330491904,TSLA,2020-01-13 22:36:52+00:00,Ross Gerber,349249475,190819,1,2186,226,15,32,https://twitter.com/GerberKawasaki/status/1216851636330491904,"So bottom line if you re not sure what to do with your tesla shares , give me a call 310 399 6397 We ll take an overview of your situation and make some recommendations as to whats best for your situation This big gain is a gift so please dont F it up"
65,1217220483269251073,TSLA,2020-01-14 23:02:32+00:00,JC Oviedo,1142453041364385794,6756,0,145,62,22,5,https://twitter.com/JCOviedo6/status/1217220483269251073,"Of the top 5 most expensive makes sold at Carvana in the past year , Tesla lost the most value on the used market , at least according to Carvana"
66,1217218762954477568,TSLA,2020-01-14 22:55:42+00:00,The Short Shorts Historian,1052869334509469696,8372,0,105,241,22,23,https://twitter.com/TeslaHistorian/status/1217218762954477568,THIS DAY IN HISTORY RIP 1 year ago
67,1217218206357549056,TSLA,2020-01-14 22:53:29+00:00,Vincent Yu,1689516060,146990,0,813,168,18,1,https://twitter.com/vincent13031925/status/1217218206357549056,Tesla shorts down $ 1.25 billion in mark to market losses
68,1217216783884718080,TSLA,2020-01-14 22:47:50+00:00,Â∞πÂ§©ÁÜæ - A.K.A. RandyVegetables,1046409061611307008,2190,0,17,177,11,13,https://twitter.com/RandyVegetables/status/1217216783884718080,"bulls When you cash out , be sure to pump that money into Tesla products The shorts want nothing more than for all longs to sell sell sell So buy the products with your well deserved gains , if for no other reason than to piss off the short sellers"
69,1217216495765348352,TSLA,2020-01-14 22:46:42+00:00,Yaman Tasdivar,732548050728701953,12301,0,256,234,20,15,https://twitter.com/ValueAnalyst1/status/1217216495765348352,"Today s chat with a Ford Raptor owner creeping closer to the truck Me Hi May I ask you a couple of questions Cool dude Sure , what s up Me Heard about the Cybertruck Cool dude Yea I put down a deposit Me Thanks Bye NotSellingAShareBefore 5000"
70,1212586424815562752,HD,2020-01-02 04:08:27+00:00,Microlytics,3222829883,987,0,10,41,21,3,https://twitter.com/MicrolyticsLLC/status/1212586424815562752,next leg could see $ 1.75 before consolidating to . 90 $ 1.10 before moving to $ 2 in 2020 on Nasdaq Uplist This is FUSZ on steroids
71,1213244784808083456,BABA,2020-01-03 23:44:32+00:00,ùêÅùê´ùêöùêßùêùùê®ùêß ùêïùêöùêß ùêôùêûùêû,351124316,10631,0,180,95,115,5,https://twitter.com/BrandonVanZee/status/1213244784808083456,The SectorSelector for 01 03 20 is posted Technology Financials Communications Premium Scholars can the full version at It features stocks with 52 week highs like
72,1213254911783124992,BABA,2020-01-04 00:24:46+00:00,Puru Saxena,1033127171298975744,235081,0,5193,40,11,4,https://twitter.com/saxena_puru/status/1213254911783124992,The biggest digital advertising players click on image Long
73,1215040588137062407,BABA,2020-01-08 22:40:25+00:00,CNBC's Fast Money,16732770,426538,1,5420,53,16,4,https://twitter.com/CNBCFastMoney/status/1215040588137062407,What are the must own stocks for this year chris has three picks
74,1214906275882033153,BABA,2020-01-08 13:46:42+00:00,ICE,25570548,54476,1,815,165,64,3,https://twitter.com/ICE_Markets/status/1214906275882033153,2019 returns for every stock in the NYSE FANGplus index with dividends reinvested 88.97 77.95 56.57 54.74 28.18 25.7 23.03 20.89 11.52 20.3 Per FactSet
75,1214850118718853120,BABA,2020-01-08 10:03:33+00:00,Marcus T,1066562261160931329,1216,0,33,194,38,10,https://twitter.com/drstrange92/status/1214850118718853120,"Secular trends in the next decade that I m personally invested in War on cash , , , , Rise of Enterprise software , , , , , , , Rising affluence of Chinese middle class , , ,"
76,1215961756276854784,BABA,2020-01-11 11:40:48+00:00,Lawrence McDonald,25163231,78856,1,2349,52,15,8,https://twitter.com/Convertbond/status/1215961756276854784,"FAANGs off the Highs , June 2019 Where were all the Bulls then Baidu 62 Tesla 54 Twitter 54 NVIDIA 54 Alibaba 30 Facebook 26 Apple 21 Google 20 Netflix 20 Amazon 17 via"
77,1216503060039520256,BABA,2020-01-12 23:31:45+00:00,Puru Saxena,1033127171298975744,235081,0,5193,246,29,36,https://twitter.com/saxena_puru/status/1216503060039520256,Current holdings 1833 in HK
78,1216803933173223425,BABA,2020-01-13 19:27:19+00:00,Gualestrit,857693619406467072,50532,0,705,108,44,4,https://twitter.com/gualestrit/status/1216803933173223425,"Decenas de m ximos hist ricos hoy , entre ellos S P 500 Nasdaq Apple Alibaba Brookfield AM Salesforce Alphabet Facebook Coca Cola Lockheed Martin Mastercard Shopify Tesla Visa"
79,1214906275882033153,NVDA,2020-01-08 13:46:42+00:00,ICE,25570548,54476,1,815,165,64,3,https://twitter.com/ICE_Markets/status/1214906275882033153,2019 returns for every stock in the NYSE FANGplus index with dividends reinvested 88.97 77.95 56.57 54.74 28.18 25.7 23.03 20.89 11.52 20.3 Per FactSet
80,1215961756276854784,NVDA,2020-01-11 11:40:48+00:00,Lawrence McDonald,25163231,78856,1,2349,52,15,8,https://twitter.com/Convertbond/status/1215961756276854784,"FAANGs off the Highs , June 2019 Where were all the Bulls then Baidu 62 Tesla 54 Twitter 54 NVIDIA 54 Alibaba 30 Facebook 26 Apple 21 Google 20 Netflix 20 Amazon 17 via"
81,1217197996393168897,NVDA,2020-01-14 21:33:11+00:00,Not_an_Analyst,1046956676304187392,1973,0,44,106,22,2,https://twitter.com/facts_tesla/status/1217197996393168897,"Stock returns since IPO June 29 , 2010 3064 2260 2006 1621 755 524"
82,1215072770507386885,JNJ,2020-01-09 00:48:18+00:00,Andy Biotech,632341632,80581,0,2143,227,70,9,https://twitter.com/AndyBiotech/status/1215072770507386885,"Oh man , cancers are just too damn smart ... Why KRAS G12C inhibitors result in only partial responses w rather short durability Rapid non uniform adaptation to conformation specific KRAS G12C inhibition"
83,1215653423821086720,NKE,2020-01-10 15:15:36+00:00,CNBC,20402945,4406522,1,36720,82,53,8,https://twitter.com/CNBC/status/1215653423821086720,"The Dow just hit 29,000 . , , , , and have been the best performing components since the Dow hit 28,000 in November"
84,1214596025496875008,TWTR,2020-01-07 17:13:53+00:00,Koyfin,710191573615693824,27930,0,540,142,21,26,https://twitter.com/KoyfinCharts/status/1214596025496875008,"and have the same market cap Which one would you rather own for the next 3 years TWTR mkt cap $ 25B DAU 145m , 17 y y Rev $ 3.4 B , 17 y y Used by Politicians , journalists , trolls SNAP mkt cap $ 24B DAU 210m , 13 y y Rev $ 1.5 B , 43 y y Used by kids , teens"
85,1214906275882033153,TWTR,2020-01-08 13:46:42+00:00,ICE,25570548,54476,1,815,165,64,3,https://twitter.com/ICE_Markets/status/1214906275882033153,2019 returns for every stock in the NYSE FANGplus index with dividends reinvested 88.97 77.95 56.57 54.74 28.18 25.7 23.03 20.89 11.52 20.3 Per FactSet
86,1215961756276854784,TWTR,2020-01-11 11:40:48+00:00,Lawrence McDonald,25163231,78857,1,2349,52,15,8,https://twitter.com/Convertbond/status/1215961756276854784,"FAANGs off the Highs , June 2019 Where were all the Bulls then Baidu 62 Tesla 54 Twitter 54 NVIDIA 54 Alibaba 30 Facebook 26 Apple 21 Google 20 Netflix 20 Amazon 17 via"
87,1216758669720686592,TWTR,2020-01-13 16:27:27+00:00,Steve Burns,203652149,419375,0,6314,148,30,30,https://twitter.com/SJosephBurns/status/1216758669720686592,Stocks to watch in 2020 What stocks are you watching
88,1212406425567318017,AAPL,2020-01-01 16:13:11+00:00,Teddy Vallee,718407582,28792,0,868,192,71,9,https://twitter.com/TeddyVallee/status/1212406425567318017,now larger than the energy sector
89,1212348235936874496,AAPL,2020-01-01 12:21:58+00:00,Gualestrit,857693619406467072,50532,0,705,121,48,2,https://twitter.com/gualestrit/status/1212348235936874496,Dow Jones 2019 Apple 84 Microsoft 55 JPMorgan 43 Visa 42 United Technologies 41 ... Exxon Mobil 2 Boeing 1 3M 7 Pfizer 10 Walgreens 14
90,1212196583837700096,AAPL,2020-01-01 02:19:21+00:00,Steve Burns,203652149,419375,0,6314,90,15,5,https://twitter.com/SJosephBurns/status/1212196583837700096,went up 86.16 in 2019
91,1212876204899848193,AAPL,2020-01-02 23:19:56+00:00,Hex Mage CLB of CCIP,1048358290130751488,13631,0,129,68,10,2,https://twitter.com/ChainlinkBull/status/1212876204899848193,2020 is already a memetic year is over $ 420 currently trading at $ 430 crushing estimates and cruising through $ 300 Largest retail plays in the market just killing it Crypto making yearly lows and in deep re accumulation The stage is set for
92,1212871609838718977,AAPL,2020-01-02 23:01:40+00:00,Yaman Tasdivar,732548050728701953,12301,0,256,701,69,118,https://twitter.com/ValueAnalyst1/status/1212871609838718977,I ll eat my shoe if the market capitalization of is less than that of in 2025
93,1212867452700377088,AAPL,2020-01-02 22:45:09+00:00,Ongaz,950378381828345856,414,0,6,60,28,2,https://twitter.com/ongazord/status/1212867452700377088,"$ 300 all time highs 10 year bull market My grandma owns air pods not bitcoin That s adoption , bitch"
94,1212853385004797952,AAPL,2020-01-02 21:49:15+00:00,Pythia Capital,1136680950769651712,31033,0,599,480,67,46,https://twitter.com/PythiaR/status/1212853385004797952,P E this time last year 13x P E today 26x Same company guys It s the same company
95,1212851042473435136,AAPL,2020-01-02 21:39:56+00:00,Michael Santoli,898301664,80329,1,1777,106,14,15,https://twitter.com/michaelsantoli/status/1212851042473435136,"hits $ 300 a share for the first time one day before the anniversary of its huge profit warning dump So as of tomorrow , anyone who bought the low at $ 142 has a long term capital gain It ll be fine though , because taxable retail investors are a non factor in this market"
96,1213244784808083456,AAPL,2020-01-03 23:44:32+00:00,ùêÅùê´ùêöùêßùêùùê®ùêß ùêïùêöùêß ùêôùêûùêû,351124316,10631,0,180,95,115,5,https://twitter.com/BrandonVanZee/status/1213244784808083456,The SectorSelector for 01 03 20 is posted Technology Financials Communications Premium Scholars can the full version at It features stocks with 52 week highs like
97,1213213275070050304,AAPL,2020-01-03 21:39:19+00:00,ForexLive,19399038,282962,1,5587,64,13,7,https://twitter.com/ForexLive/status/1213213275070050304,Apple CEO Tim Cook s total pay in 2019 was $ 11.6 m ... You can t even get a decent bench player for that in the NBA
98,1213148831203971072,AAPL,2020-01-03 17:23:15+00:00,victoria silvstedt,28379194,46777,1,459,315,23,26,https://twitter.com/vicsilvstedt/status/1213148831203971072,As a trader on the financing market 2019 was a good one ... is the Rally continuing into 2020 My most profitable stock was Apple and regret selling it too early ... still has some room to go higher check out more of my thoughts apple sprinklebit
99,1213102476448206853,AAPL,2020-01-03 14:19:03+00:00,Eduardo Arcos,3968,152877,1,3690,36,10,7,https://twitter.com/earcos/status/1213102476448206853,"La acci n de Apple supera los 300 d lares Ahora mismo est en $ 300,25 En enero de 2019 estaba en $ 147,93 d lares Muchos creen que deber a tener un precio de unos $ 400 d lares"
100,1212954279415369729,AAPL,2020-01-03 04:30:10+00:00,Charlie Bilello,1413027896,330454,1,6265,270,95,9,https://twitter.com/charliebilello/status/1212954279415369729,"Apple is up over 73,000 since its IPO in 1980 , an annualized return of 18.4 New all time high today"
101,1213888887229210626,AAPL,2020-01-05 18:23:58+00:00,Steve Burns,203652149,419374,0,6314,757,103,250,https://twitter.com/SJosephBurns/status/1213888887229210626,This is my current watch list . B What am I missing
102,1213820630572961792,AAPL,2020-01-05 13:52:44+00:00,HowarDAO,7517052,275701,1,5156,76,13,6,https://twitter.com/howardlindzon/status/1213820630572961792,The Art of Not Selling Fresh on my blog nke
103,1214064885518106625,AAPL,2020-01-06 06:03:19+00:00,Vincent Yu,1689516060,146992,0,813,1405,193,30,https://twitter.com/vincent13031925/status/1214064885518106625,3 biggest mistakes from investors Apple is a computer co only Amazon is a bookstore only Tesla is an automaker only
104,1214045292573659138,AAPL,2020-01-06 04:45:28+00:00,üëë Tesla Queen üëë,3323410600,2550,0,86,30,15,2,https://twitter.com/TESLAQUEEN10/status/1214045292573659138,"Alpine 4 Tech Check this stock out expecting 96 YOY revenue growth for 2019 WOW Also , looking to uplist in 2020 Extremely undervalued NASDAQ NYSE SP500 CNBC Penny Market Money GoldenGlobes"
105,1214957209517469696,AAPL,2020-01-08 17:09:06+00:00,Sven Henrich,714051110,319928,1,5701,108,25,18,https://twitter.com/NorthmanTrader/status/1214957209517469696,Weekly RSI 87.57 Market cap $ 1.3 T PEG ratio 2.13 Quarterly revenue growth 1.8 yoy Quarterly earnings growth 3.2 yoy
106,1214936655666335744,AAPL,2020-01-08 15:47:25+00:00,Ramp Capital,2214652482,266796,0,3921,258,22,12,https://twitter.com/RampCapitalLLC/status/1214936655666335744,"If split into 3 equally valued companies , they would all still be ranked in the top 10 market cap of the S P 500"
107,1214906275882033153,AAPL,2020-01-08 13:46:42+00:00,ICE,25570548,54476,1,815,165,64,3,https://twitter.com/ICE_Markets/status/1214906275882033153,2019 returns for every stock in the NYSE FANGplus index with dividends reinvested 88.97 77.95 56.57 54.74 28.18 25.7 23.03 20.89 11.52 20.3 Per FactSet
108,1214710960147116032,AAPL,2020-01-08 00:50:35+00:00,HyperChange,830122005030694920,38027,0,442,404,54,22,https://twitter.com/HyperChangeTV/status/1214710960147116032,Apple turned the phone into a computer Tesla is turning the car into a computer SoftwareEatingTheWorld
109,1215415100644958215,AAPL,2020-01-09 23:28:35+00:00,Charlie Bilello,1413027896,330454,1,6265,346,157,18,https://twitter.com/charliebilello/status/1215415100644958215,"The combined market cap of the 4 largest US companies is 13.8 x higher than March 9 , 2009 From $ 326 billion to $ 4.5 trillion"
110,1215281085812301825,AAPL,2020-01-09 14:36:04+00:00,Sven Henrich,714051110,319928,1,5701,109,28,7,https://twitter.com/NorthmanTrader/status/1215281085812301825,"BlackRock , Vanguard and State Street combined own 18 of shares , 20 of , 18 of , 19 of 19 of"
111,1215760440673751040,AAPL,2020-01-10 22:20:51+00:00,ùêÅùê´ùêöùêßùêùùê®ùêß ùêïùêöùêß ùêôùêûùêû,351124316,10631,0,180,94,110,9,https://twitter.com/BrandonVanZee/status/1215760440673751040,The SectorSelector for 01 10 20 is posted Technology Communications Health Care Premium Scholars can the full version at It features stocks near 52 week highs like
112,1215721919074324480,AAPL,2020-01-10 19:47:47+00:00,Ross Gerber,349249475,190819,1,2186,130,24,22,https://twitter.com/GerberKawasaki/status/1215721919074324480,Answering your stock and option questions with what do I do now with all these gains on Tesla Apple Microsoft etc
113,1215659961738383360,AAPL,2020-01-10 15:41:35+00:00,Ross Gerber,349249475,190819,1,2186,474,15,50,https://twitter.com/GerberKawasaki/status/1215659961738383360,"I think I might do a twitter live stream Q and A about what to do with your stocks when the market is crazy good Do you sell , buy or hold Any interest Please like and I ll scrape some time today Otherwise I m busy tesla apple Microsoft stocks"
114,1215653423821086720,AAPL,2020-01-10 15:15:36+00:00,CNBC,20402945,4406522,1,36720,82,53,8,https://twitter.com/CNBC/status/1215653423821086720,"The Dow just hit 29,000 . , , , , and have been the best performing components since the Dow hit 28,000 in November"
115,1215640613196042240,AAPL,2020-01-10 14:24:42+00:00,Michael Santoli,898301664,80329,1,1777,45,18,5,https://twitter.com/michaelsantoli/status/1215640613196042240,"Apple s massive ramp , entirely on expanding valuation , has taken its free cashflow yield all the way down to ... the exact level of the S P 500 This market is paying up for the perceived durability of cash flows above all , as the ferociously strong credit markets dictate"
116,1216024933014347778,AAPL,2020-01-11 15:51:51+00:00,Jameson Lopp,23618940,365211,1,6359,208,25,44,https://twitter.com/lopp/status/1216024933014347778,Is the desire for newcomers to share their bitcoin ownership a unique phenomenon You never see folks on other asset specific forums posting things like I finally own X ounces of gold I finally own Y shares of I finally own Z dollars
117,1215961756276854784,AAPL,2020-01-11 11:40:48+00:00,Lawrence McDonald,25163231,78857,1,2349,52,15,8,https://twitter.com/Convertbond/status/1215961756276854784,"FAANGs off the Highs , June 2019 Where were all the Bulls then Baidu 62 Tesla 54 Twitter 54 NVIDIA 54 Alibaba 30 Facebook 26 Apple 21 Google 20 Netflix 20 Amazon 17 via"
118,1216421941554425856,AAPL,2020-01-12 18:09:25+00:00,David Schawel,182642157,50873,0,1644,83,14,8,https://twitter.com/DavidSchawel/status/1216421941554425856,"s AirPods line is projected to generate $ 13 15bil in sales for FY20 , more than entire top line figure Incredible"
119,1216370496813649920,AAPL,2020-01-12 14:45:00+00:00,Steve Burns,203652149,419374,0,6314,300,42,82,https://twitter.com/SJosephBurns/status/1216370496813649920,This is my current watch list and positions . B Long Long Long What am I missing
120,1216871553603780608,AAPL,2020-01-13 23:56:01+00:00,Traderstewie,52166809,340769,0,8007,453,69,23,https://twitter.com/traderstewie/status/1216871553603780608,Algos LOVE Round Numbers Look at what has done since breaking thru $ 300 recently Look at what has done since breaking thru $ 500 Look at what has done since breaking thru $ 100 Made a detailed blog post on this topic
121,1216868033127301120,AAPL,2020-01-13 23:42:02+00:00,Alex Saunders üá¶üá∫üë®‚Äçüî¨,621816317,120043,1,1394,200,25,39,https://twitter.com/AlexSaundersAU/status/1216868033127301120,Does Apple s innovation justify this parabola Or could it be that a decade of easy money policy where central banks now print money to buy stock has led to asset valuation bubbles Stocks Fed QE4
122,1216805240986578945,AAPL,2020-01-13 19:32:31+00:00,Ramp Capital,2214652482,266796,0,3921,154,25,25,https://twitter.com/RampCapitalLLC/status/1216805240986578945,is currently 40 above the 200DMA Highest ratio since 2012
123,1216803933173223425,AAPL,2020-01-13 19:27:19+00:00,Gualestrit,857693619406467072,50532,0,705,108,44,4,https://twitter.com/gualestrit/status/1216803933173223425,"Decenas de m ximos hist ricos hoy , entre ellos S P 500 Nasdaq Apple Alibaba Brookfield AM Salesforce Alphabet Facebook Coca Cola Lockheed Martin Mastercard Shopify Tesla Visa"
124,1216767937345880072,AAPL,2020-01-13 17:04:17+00:00,Sven Henrich,714051110,319928,1,5701,572,107,75,https://twitter.com/NorthmanTrader/status/1216767937345880072,Anybody that says this it is not a bubble needs to do the ice bucket challenge
125,1217233702733873152,AAPL,2020-01-14 23:55:04+00:00,Will Meade,758386485846544384,268127,0,3655,76,13,16,https://twitter.com/realwillmeade/status/1217233702733873152,Apple avoids paying $ 50 billion in US taxes by keeping all its cash overseas now they won t help with an issue that involves national security and could protect everyone who lives in America
126,1217197996393168897,AAPL,2020-01-14 21:33:11+00:00,Not_an_Analyst,1046956676304187392,1973,0,44,106,22,2,https://twitter.com/facts_tesla/status/1217197996393168897,"Stock returns since IPO June 29 , 2010 3064 2260 2006 1621 755 524"
127,1217042386259456000,AAPL,2020-01-14 11:14:51+00:00,Sven Henrich,714051110,319928,1,5701,381,121,36,https://twitter.com/NorthmanTrader/status/1217042386259456000,Central banks don t buy stocks In other news the SNB central bank of Switzerland US stock portfolio is now worth nearly $ 100B Top holdings
128,1216890080175910913,AAPL,2020-01-14 01:09:38+00:00,Sebastian Sienkiewicz,2344321530,8876,0,154,57,17,45,https://twitter.com/Amdalleq/status/1216890080175910913,"The chart shows the share prices of the two most recent US Stock Market stars , Tesla left axis and Apple right axis since the second quarter of 2018 How would you comment this price action ht"
129,1216880431091474435,AAPL,2020-01-14 00:31:17+00:00,Bluntz,939058273487003648,193506,0,3387,205,22,19,https://twitter.com/SmartContracter/status/1216880431091474435,we going for the blow off top in 2020 or what
130,1212844021493702664,AMZN,2020-01-02 21:12:02+00:00,BG Iradjiüá∫üá∏,28841495,4196,0,14,181,22,12,https://twitter.com/BGIradji/status/1212844021493702664,"hits $ 300 closing in on $ 1,500 closing in on $ 2,000 closing in on $ 40 And banks are literally using this thing called XRP Simply amazing"
131,1212586424815562752,AMZN,2020-01-02 04:08:27+00:00,Microlytics,3222829883,987,0,10,41,21,3,https://twitter.com/MicrolyticsLLC/status/1212586424815562752,next leg could see $ 1.75 before consolidating to . 90 $ 1.10 before moving to $ 2 in 2020 on Nasdaq Uplist This is FUSZ on steroids
132,1212525483323248640,AMZN,2020-01-02 00:06:17+00:00,Brian Feroldi,61558281,238876,1,5669,410,39,35,https://twitter.com/BrianFeroldi/status/1212525483323248640,My end of year top holdings 8 7 7 6 6 6 5 5 5 4 4 3 3 2 2 2
133,1212913782592331777,AMZN,2020-01-03 01:49:15+00:00,Cathie Wood,2361631088,1226981,1,8380,1854,380,92,https://twitter.com/CathieDWood/status/1212913782592331777,"Attempting to explain how misunderstood has been and how disruptive it will be , I have compared it to If our analysis based on Wright s Law is correct , Tesla will have more of an impact on global transportation than Amazon has had will have on global retail"
134,1213254911783124992,AMZN,2020-01-04 00:24:46+00:00,Puru Saxena,1033127171298975744,235083,0,5193,40,11,4,https://twitter.com/saxena_puru/status/1213254911783124992,The biggest digital advertising players click on image Long
135,1213888887229210626,AMZN,2020-01-05 18:23:58+00:00,Steve Burns,203652149,419374,0,6314,757,103,250,https://twitter.com/SJosephBurns/status/1213888887229210626,This is my current watch list . B What am I missing
136,1214233599957852160,AMZN,2020-01-06 17:13:44+00:00,Traderstewie,52166809,340769,0,8007,138,20,16,https://twitter.com/traderstewie/status/1214233599957852160,starting to look like a mini bull flag here
137,1214064885518106625,AMZN,2020-01-06 06:03:19+00:00,Vincent Yu,1689516060,146992,0,813,1405,193,30,https://twitter.com/vincent13031925/status/1214064885518106625,3 biggest mistakes from investors Apple is a computer co only Amazon is a bookstore only Tesla is an automaker only
138,1214045292573659138,AMZN,2020-01-06 04:45:28+00:00,üëë Tesla Queen üëë,3323410600,2550,0,86,30,15,2,https://twitter.com/TESLAQUEEN10/status/1214045292573659138,"Alpine 4 Tech Check this stock out expecting 96 YOY revenue growth for 2019 WOW Also , looking to uplist in 2020 Extremely undervalued NASDAQ NYSE SP500 CNBC Penny Market Money GoldenGlobes"
139,1214513312484012033,AMZN,2020-01-07 11:45:12+00:00,Luis Miguel Ortiz,928434920,40625,0,846,55,18,3,https://twitter.com/LuisMiguelValue/status/1214513312484012033,Estoy leyendo una teor a muy interesante sobre y que tiene mucho sentido Abro un peque o hilo sobre ello Los dos segmentos de la compa a que m s van a crecer hasta 2025 son la nube con AWS y la publicidad Esto ser el 90 del beneficio operativo para 2025
140,1214992418077958144,AMZN,2020-01-08 19:29:00+00:00,Teslas in Shanghai üá®üá≥ üöó‚ö°,1035800996214013953,2512,0,43,128,17,6,https://twitter.com/tesla_china/status/1214992418077958144,"I remember when Amazon s market value hit and then got higher than Walmart The analysts said it was nuts Amazon is now 3X Walmart I unfortunately sold my Amazon shares in the 300s for a nice profit , but missed out big time Not happening for Tesla"
141,1214906275882033153,AMZN,2020-01-08 13:46:42+00:00,ICE,25570548,54476,1,815,165,64,3,https://twitter.com/ICE_Markets/status/1214906275882033153,2019 returns for every stock in the NYSE FANGplus index with dividends reinvested 88.97 77.95 56.57 54.74 28.18 25.7 23.03 20.89 11.52 20.3 Per FactSet
142,1215415100644958215,AMZN,2020-01-09 23:28:35+00:00,Charlie Bilello,1413027896,330454,1,6265,346,157,18,https://twitter.com/charliebilello/status/1215415100644958215,"The combined market cap of the 4 largest US companies is 13.8 x higher than March 9 , 2009 From $ 326 billion to $ 4.5 trillion"
143,1215961756276854784,AMZN,2020-01-11 11:40:48+00:00,Lawrence McDonald,25163231,78857,1,2349,52,15,8,https://twitter.com/Convertbond/status/1215961756276854784,"FAANGs off the Highs , June 2019 Where were all the Bulls then Baidu 62 Tesla 54 Twitter 54 NVIDIA 54 Alibaba 30 Facebook 26 Apple 21 Google 20 Netflix 20 Amazon 17 via"
144,1215959204323872769,AMZN,2020-01-11 11:30:40+00:00,Luis Miguel Ortiz,928434920,40625,0,846,80,19,10,https://twitter.com/LuisMiguelValue/status/1215959204323872769,Actualizo el listado de la empresas con Wide MOAT que seg n Morningstar se encuentran por debajo de su valor intr nseco en enero de 2020 Qu opin is Llev is alguna de ellas en cartera
145,1216503060039520256,AMZN,2020-01-12 23:31:45+00:00,Puru Saxena,1033127171298975744,235083,0,5193,246,29,36,https://twitter.com/saxena_puru/status/1216503060039520256,Current holdings 1833 in HK
146,1216370496813649920,AMZN,2020-01-12 14:45:00+00:00,Steve Burns,203652149,419374,0,6314,300,42,82,https://twitter.com/SJosephBurns/status/1216370496813649920,This is my current watch list and positions . B Long Long Long What am I missing
147,1216792398447013891,AMZN,2020-01-13 18:41:29+00:00,üî¥ 24/7 MarketTradersTV | #1 Most Uptime on Twitch,997151173432901632,3348,0,38,69,38,8,https://twitter.com/MarketTradersTV/status/1216792398447013891,"We have another giveaway This one depends on your viewership If we get 600 average viewers on the channel , as reported by Twitch , a $ 150 gift card raffle will be started and one lucky subscriber will get it How s that sound boys Can you do it"
148,1216768571763777539,AMZN,2020-01-13 17:06:48+00:00,Moncho,129656776,1284,0,17,90,31,6,https://twitter.com/rarlop/status/1216768571763777539,Three things can teach you about No financial advice tho DYOR XRPcommunity
149,1216713005863505921,AMZN,2020-01-13 13:26:00+00:00,SANTA HULK,44366481,36286,0,791,113,21,9,https://twitter.com/HulkCapital/status/1216713005863505921,on the verge of making a monster move higher See monthly chart below
150,1217197996393168897,AMZN,2020-01-14 21:33:11+00:00,Not_an_Analyst,1046956676304187392,1973,0,44,106,22,2,https://twitter.com/facts_tesla/status/1217197996393168897,"Stock returns since IPO June 29 , 2010 3064 2260 2006 1621 755 524"
151,1217042386259456000,AMZN,2020-01-14 11:14:51+00:00,Sven Henrich,714051110,319928,1,5701,381,121,36,https://twitter.com/NorthmanTrader/status/1217042386259456000,Central banks don t buy stocks In other news the SNB central bank of Switzerland US stock portfolio is now worth nearly $ 100B Top holdings
152,1212348235936874496,XOM,2020-01-01 12:21:58+00:00,Gualestrit,857693619406467072,50532,0,705,121,48,2,https://twitter.com/gualestrit/status/1212348235936874496,Dow Jones 2019 Apple 84 Microsoft 55 JPMorgan 43 Visa 42 United Technologies 41 ... Exxon Mobil 2 Boeing 1 3M 7 Pfizer 10 Walgreens 14
153,1214045292573659138,XOM,2020-01-06 04:45:28+00:00,üëë Tesla Queen üëë,3323410600,2550,0,86,30,15,2,https://twitter.com/TESLAQUEEN10/status/1214045292573659138,"Alpine 4 Tech Check this stock out expecting 96 YOY revenue growth for 2019 WOW Also , looking to uplist in 2020 Extremely undervalued NASDAQ NYSE SP500 CNBC Penny Market Money GoldenGlobes"
154,1212348235936874496,JPM,2020-01-01 12:21:58+00:00,Gualestrit,857693619406467072,50532,0,705,121,48,2,https://twitter.com/gualestrit/status/1212348235936874496,Dow Jones 2019 Apple 84 Microsoft 55 JPMorgan 43 Visa 42 United Technologies 41 ... Exxon Mobil 2 Boeing 1 3M 7 Pfizer 10 Walgreens 14
155,1213244784808083456,JPM,2020-01-03 23:44:32+00:00,ùêÅùê´ùêöùêßùêùùê®ùêß ùêïùêöùêß ùêôùêûùêû,351124316,10631,0,180,95,115,5,https://twitter.com/BrandonVanZee/status/1213244784808083456,The SectorSelector for 01 03 20 is posted Technology Financials Communications Premium Scholars can the full version at It features stocks with 52 week highs like
156,1213540919607201792,JPM,2020-01-04 19:21:16+00:00,Ben üá∫üá∏üìà,16851206,108517,0,3114,87,19,10,https://twitter.com/PatternProfits/status/1213540919607201792,3 weeks tight
157,1215326855206703105,JPM,2020-01-09 17:37:56+00:00,Lucho Poletti,969027097481097217,19447,0,224,130,39,7,https://twitter.com/LuchoPoletti/status/1215326855206703105,"Jamie Demon said all these things about bitcoin a couple years ago Then his company , the 1 bank in the U . S proceeded to apply for 82 blockchain patents for a bitcoin killer currency launched Actions speak louder than words Your Own Bank"
158,1215281085812301825,JPM,2020-01-09 14:36:04+00:00,Sven Henrich,714051110,319929,1,5701,109,28,7,https://twitter.com/NorthmanTrader/status/1215281085812301825,"BlackRock , Vanguard and State Street combined own 18 of shares , 20 of , 18 of , 19 of 19 of"
159,1216000760212873216,JPM,2020-01-11 14:15:48+00:00,Earnings Whispers,136136326,301846,0,4448,269,178,3,https://twitter.com/eWhispers/status/1216000760212873216,earnings
160,1217068535920259073,JPM,2020-01-14 12:58:45+00:00,Jim Cramer,14216123,1772714,1,16877,172,18,18,https://twitter.com/jimcramer/status/1217068535920259073,Consumer is incredibly strong big takeaway from
161,1217052862460628994,JPM,2020-01-14 11:56:28+00:00,J.P. Morgan,1155522630,616493,1,3825,96,36,12,https://twitter.com/jpmorgan/status/1217052862460628994,reports 4Q19 net income of $ 8.5 B and EPS of $ 2.57 on revenue of $ 29.2 B with ROTCE of 17 record full year 2019 net income of $ 36.4 B and EPS of $ 10.72 on revenue of $ 118.7 B with ROTCE of 19
162,1217051823443521536,JPM,2020-01-14 11:52:21+00:00,Investing.com,988955288,641885,1,4845,53,31,4,https://twitter.com/Investingcom/status/1217051823443521536,BREAKING JP Morgan Q4 Earnings EPS $ 2.57 est $ 2.35 Revenue $ 29.21 B est $ 27.87 B Investment Banking Rev $ 1.82 B est $ 1.84 B FICC Sales Trading Rev $ 3.45 B est $ 2.44 B Pretty good numbers from
163,1217050840323842050,JPM,2020-01-14 11:48:26+00:00,LiveSquawk,59393368,216854,0,6051,37,24,1,https://twitter.com/LiveSquawk/status/1217050840323842050,JP Morgan 4Q19 Earnings Revenue $ 29.21 B est $ 27.31 B EPS $ 2.57 est $ 2.32 CIB Rev $ 9.47 B Commercial Banking $ 2.23 B Return On Common Equity 14
164,1212401386832453632,AMC,2020-01-01 15:53:10+00:00,AMC Theatres,40245758,521581,1,2297,164,45,6,https://twitter.com/AMCTheatres/status/1212401386832453632,Here is the first official trailer for AQuietPlace Part II In theatres March 20
165,1212576525075152896,AMC,2020-01-02 03:29:06+00:00,Devanny Pinn,33109779,29290,1,358,93,26,11,https://twitter.com/DevannyPinn/status/1212576525075152896,"Just announced , my paranormal thriller THE DAWN hits theaters Jan 10th Im so nervous exited TheDawnFilm theamityvilledawn horror horrormovies paranormal comingsoon"
166,1213505399451615232,AMC,2020-01-04 17:00:07+00:00,GR Studios,398090910,3629,0,13,80,52,6,https://twitter.com/GKMediaUSA/status/1213505399451615232,Here is the complete list of location Enjoy the film on best screens Our super bad arrives in style darbarfromJan 8 in NorthAmerica
167,1213494838915686400,AMC,2020-01-04 16:18:09+00:00,Rajinikanth Fans,497770148,69865,0,51,241,109,8,https://twitter.com/RajiniFC/status/1213494838915686400,Massive release plan for Darbar in the USA Here is the AMC Theatre list for the Tamil and Telugu versions Ticket bookings for the remaining locations will be opened on Monday DarbarInUSA
168,1213492053839093760,AMC,2020-01-04 16:07:05+00:00,PrimeMedia,1264698811,6282,0,20,235,100,5,https://twitter.com/PrimeMediaUS/status/1213492053839093760,Darbar final list Will play both Tamil Telugu in all locs Tkts will open on Monday in locs that aren t opened yet
169,1213618744582270976,AMC,2020-01-05 00:30:31+00:00,ùêëùêöùê£ùê¢ùêßùê¢‚òÜùêÖùê®ùê•ùê•ùê®ùê∞ùêûùê´ùê¨,208936817,35665,0,32,204,94,3,https://twitter.com/RajiniFoLLowers/status/1213618744582270976,USA List .. Many screens added Darbar Grand USA Premieres on Jan 8th
170,1213618064908050432,AMC,2020-01-05 00:27:49+00:00,PaniPuri,908965886781923328,19975,0,15,131,61,1,https://twitter.com/THEPANIPURI/status/1213618064908050432,"Darbar USA List .. Grand USA Premieres on Jan 8th .. Bookings Opened Now , Book Your Tickets Now .. Rajini Rajinikanth Nayanthara NivethaThomas"
171,1214189251904069632,AMC,2020-01-06 14:17:30+00:00,AMC Theatres,40245758,521581,1,2297,156,61,9,https://twitter.com/AMCTheatres/status/1214189251904069632,"Here is your first look at the NewMutants Arriving in theatres at AMC April 3 , 2020"
172,1214036367090565121,AMC,2020-01-06 04:10:00+00:00,AMC Theatres,40245758,521581,1,2297,83,21,7,https://twitter.com/AMCTheatres/status/1214036367090565121,And the GoldenGlobes winner for Best Motion Picture Drama is
173,1214033025383751681,AMC,2020-01-06 03:56:43+00:00,AMC Theatres,40245758,521581,1,2297,332,57,9,https://twitter.com/AMCTheatres/status/1214033025383751681,The GoldenGlobes winner for Best Performance by an Actor in a Motion Picture Drama is JoaquinPhoenix
174,1214031317408665600,AMC,2020-01-06 03:49:56+00:00,AMC Theatres,40245758,521581,1,2297,86,15,1,https://twitter.com/AMCTheatres/status/1214031317408665600,And the GoldenGlobes winner for Best Motion Picture Musical or Comedy is
175,1214029001716621312,AMC,2020-01-06 03:40:44+00:00,AMC Theatres,40245758,521581,1,2297,129,20,1,https://twitter.com/AMCTheatres/status/1214029001716621312,Congratulations to Awkwafina the GoldenGlobes winner for Best Performance by an Actress in a Motion Picture Musical or Comedy
176,1214565697868587010,AMC,2020-01-07 15:13:22+00:00,PrimeMedia,1264698811,6282,0,20,74,41,7,https://twitter.com/PrimeMediaUS/status/1214565697868587010,"Darbar Highwoods , Tampa update their last show of the day is 8 30pm If we don t get permission for early premier shows then they won t have premier show tomm Options are Villagion Cinemas , Britton 8 Regal Citrus Park 24"
177,1214940439696027660,AMC,2020-01-08 16:02:27+00:00,AMC Theatres,40245758,521581,1,2297,49,13,2,https://twitter.com/AMCTheatres/status/1214940439696027660,Discover the truth about Brahms TheBoy 2 coming to AMC this February Set a ticket reminder now
178,1215332415159164930,AMC,2020-01-09 18:00:02+00:00,AMC Theatres,40245758,521581,1,2297,287,113,50,https://twitter.com/AMCTheatres/status/1215332415159164930,Zoom in on this BOSS prize pack Follow Like now to be entered to win See LikeABoss this weekend at AMC
179,1215315638798954498,AMC,2020-01-09 16:53:22+00:00,AMC Theatres,40245758,521581,1,2297,72,24,2,https://twitter.com/AMCTheatres/status/1215315638798954498,"Gotham s worst brings out their best Meet Harley Quinn , Black Canary , Huntress , Renee Montoya , and Cassandra Cain BirdsOfPrey arrives in theatres February 7 Ticket Reminder"
180,1215106678191865856,AMC,2020-01-09 03:03:02+00:00,AMC Theatres,40245758,521581,1,2297,50,23,1,https://twitter.com/AMCTheatres/status/1215106678191865856,"Set at the bottom of the ocean , is a this year s first adventure thriller that will have audiences on the edge of their seats Read On"
181,1216046040647946240,AMC,2020-01-11 17:15:43+00:00,leah ‚òΩ,2320567193,1007,0,3,67,17,8,https://twitter.com/leahhhtaylor/status/1216046040647946240,hey what on earth is on your seats
182,1216768098704949248,AMC,2020-01-13 17:04:55+00:00,AMC Theatres,40245758,521581,1,2297,274,71,7,https://twitter.com/AMCTheatres/status/1216768098704949248,How far are we allowed to go to fix something that s broken Here is the teaser trailer for MORBIUS Coming to AMC this summer
183,1216717250645975042,AMC,2020-01-13 13:42:52+00:00,AMC Theatres,40245758,521581,1,2297,139,31,18,https://twitter.com/AMCTheatres/status/1216717250645975042,Best Picture OscarNoms Ford v Ferrari The Irishman Jojo Rabbit Joker Little Women Marriage Story 1917 Once a Upon Time ... in Hollywood Parasite
184,1216712985953128449,AMC,2020-01-13 13:25:55+00:00,AMC Theatres,40245758,521581,1,2297,57,13,8,https://twitter.com/AMCTheatres/status/1216712985953128449,Best Supporting Actor OscarNoms Brad Pitt Once Upon a Time in Hollywood Tom Hanks A Beautiful Day in the Neighborhood Anthony Hopkins The Two Popes Al Pacino The Irishman Joe Pesci The Irishman
185,1217068727205756928,AMC,2020-01-14 12:59:31+00:00,AMC Theatres,40245758,521581,1,2297,41,15,3,https://twitter.com/AMCTheatres/status/1217068727205756928,Superheroes just got an upgrade Check out the new Bloodshot international trailer In theatres March 13 set a ticket reminder now
186,1212472975062163457,PFE,2020-01-01 20:37:38+00:00,dough,3426014292,32982,0,856,93,36,5,https://twitter.com/semodough/status/1212472975062163457,William BLAIR excellent slide on Platform GeneTherapy Companies Will Likely Drive Innovation While Gene Therapy Users Have Greater Capital number indicates of gene therapy programs each company has
187,1212382370390827011,PFE,2020-01-01 14:37:36+00:00,Blue Chip Daily Trend Report,1205452857077571586,2635,0,81,228,45,20,https://twitter.com/BlueChipDailyTR/status/1212382370390827011,"My 2020 Turnaround Ideas List Video These are not my traditional uptrend names , but potential turnaround ideas 20 charts in about 20 minutes"
188,1212348235936874496,PFE,2020-01-01 12:21:58+00:00,Gualestrit,857693619406467072,50532,0,705,121,48,2,https://twitter.com/gualestrit/status/1212348235936874496,Dow Jones 2019 Apple 84 Microsoft 55 JPMorgan 43 Visa 42 United Technologies 41 ... Exxon Mobil 2 Boeing 1 3M 7 Pfizer 10 Walgreens 14
